private_entity,external_uri,external_label,confidence,linked
Octopus vulgaris,http://www.wikidata.org/entity/Q651361,pieuvre commune,0.85,True
Répartition,http://www.wikidata.org/entity/Q2286103,répartition des sièges,0.85,True
mer Méditerranée,http://www.wikidata.org/entity/Q4918,mer Méditerranée,1.0,True
Angleterre,http://www.wikidata.org/entity/Q21,Angleterre,1.0,True
Sénégal,http://www.wikidata.org/entity/Q1041,Sénégal,1.0,True
Açores,http://www.wikidata.org/entity/Q25263,Açores,1.0,True
Canaries,http://www.wikidata.org/entity/Q5813,îles Canaries,0.85,True
Cap-Vert,http://www.wikidata.org/entity/Q1011,Cap-Vert,1.0,True
Habitat,http://www.wikidata.org/entity/Q52105,habitat,1.0,True
Comportement,http://www.wikidata.org/entity/Q9332,comportement,1.0,True
Intelligence,http://www.wikidata.org/entity/Q1665657,Intelligence,1.0,True
Animals,http://www.wikidata.org/entity/Q27725748,Animals,1.0,True
Scientific Procedures),,,0.0,False
ASPA,http://www.wikidata.org/entity/Q106489809,Aspa,1.0,True
Royaume-Uni,http://www.wikidata.org/entity/Q145,Royaume-Uni,1.0,True
Inky,http://www.wikidata.org/entity/Q173626,Pac-Man,0.85,True
Aquarium national de Nouvelle-Zélande,http://www.wikidata.org/entity/Q29210,National Aquarium of New Zealand,0.85,True
Pacifique,http://www.wikidata.org/entity/Q98,océan Pacifique,0.85,True
Pêche,http://www.wikidata.org/entity/Q14373,pêche,1.0,True
Afrique,http://www.wikidata.org/entity/Q15,Afrique,1.0,True
Captivité,http://www.wikidata.org/entity/Q853735,emprisonnement,0.85,True
La Sagesse de la pieuvre,http://www.wikidata.org/entity/Q99372651,La Sagesse de la pieuvre,1.0,True
My Octopus Teacher,http://www.wikidata.org/entity/Q99372651,La Sagesse de la pieuvre,0.85,True
Oscar 2021 du meilleur film documentaire,,,0.0,False
Galerie,http://www.wikidata.org/entity/Q21167233,galerie,1.0,True
Wikipédia,http://www.wikidata.org/entity/Q52,Wikipédia,1.0,True
Common octopus,http://www.wikidata.org/entity/Q651361,pieuvre commune,0.85,True
Articles,http://www.wikidata.org/entity/Q768186,articles de sport,0.85,True
BioLib,http://www.wikidata.org/entity/Q12345690,Biological Library,0.85,True
ITIS,http://www.wikidata.org/entity/Q82575,système d'information taxonomique intégré,0.85,True
Animal Diversity,http://www.wikidata.org/entity/Q2850008,Animal Diversity Web,0.85,True
Web,http://www.wikidata.org/entity/Q1201886,Web of Science,0.85,True
NCBI,http://www.wikidata.org/entity/Q82494,National Center for Biotechnology Information,0.85,True
Octopus vulgaris Cuvier,http://www.wikidata.org/entity/Q43378820,"OCTOPUS VULGARIS CUVIER, 1797 AND LOLIGO VULGARIS LAMARCK, 1798 (MOLLUSCA, CEPHALOPODA): PROPOSED CONSERVATION OF THE SPECIFIC NAMES",0.85,True
TAXREF,http://www.wikidata.org/entity/Q26924544,TAXREF,1.0,True
Liens,http://www.wikidata.org/entity/Q171318,parenté,0.85,True
Portail de la biologie marine,,,0.0,False
Octopodidae,http://www.wikidata.org/entity/Q1202874,Octopodidae,1.0,True
Pacifique-Nord,http://www.wikidata.org/entity/Q29948568,Pacifique Nord,0.85,True
Kraken,http://www.wikidata.org/entity/Q22906202,Kraken,1.0,True
Lutte sur pieuvre,http://www.wikidata.org/entity/Q2902218,Lutte sur pieuvre,1.0,True
Mega Shark vs,http://www.wikidata.org/entity/Q1984649,Mega Shark vs. Giant Octopus,0.85,True
Giant Octopus,http://www.wikidata.org/entity/Q912404,Pieuvre géante du Pacifique,0.85,True
Catalogue of Life : Enteroctopus dofleini,,,0.0,False
Wülker,http://www.wikidata.org/entity/Q60199538,Wülker,1.0,True
WoRMS,http://www.wikidata.org/entity/Q604063,World Register of Marine Species,0.85,True
Site anglais,,,0.0,False
Faune,http://www.wikidata.org/entity/Q729,animal,0.85,True
Canada,http://www.wikidata.org/entity/Q16,Canada,1.0,True
Science et vie,http://www.wikidata.org/entity/Q3475754,Science et Vie,1.0,True
Octopus cyanea,http://www.wikidata.org/entity/Q3791011,Octopus cyanea,1.0,True
océan Pacifique,http://www.wikidata.org/entity/Q98,océan Pacifique,1.0,True
océan Indien,http://www.wikidata.org/entity/Q1239,océan Indien,1.0,True
Indo-pacifique tropical,,,0.0,False
Octopus cyanea Gray,,,0.0,False
Catalogue of Life : Octopus cyanea Gray,,,0.0,False
DORIS,http://www.wikidata.org/entity/Q3094766,Doris,1.0,True
Poulpe,http://www.wikidata.org/entity/Q13219075,pieuvre,0.85,True
SousLesMers,,,0.0,False
Portail de l’océan Indien,,,0.0,False
Pieuvre blanche,http://www.wikidata.org/entity/Q3201483,pieuvre blanche,1.0,True
Méditerranée,http://www.wikidata.org/entity/Q4918,mer Méditerranée,0.85,True
Atlantique,http://www.wikidata.org/entity/Q97,océan Atlantique,0.85,True
Distribution,http://www.wikidata.org/entity/Q200726,loi de probabilité,0.85,True
Eledone,http://www.wikidata.org/entity/Q2616467,Eledone,1.0,True
Atlantique Nord-Est,,,0.0,False
Manche,http://www.wikidata.org/entity/Q12589,Manche,1.0,True
mer du Nord,http://www.wikidata.org/entity/Q1693,mer du Nord,1.0,True
l'Europe,http://www.wikidata.org/entity/Q3203342,L'Europe,1.0,True
Cycle de vie,http://www.wikidata.org/entity/Q513359,cycle de vie,1.0,True
Cependant dans de rares cas,,,0.0,False
Espèce benthique,,,0.0,False
Nord,http://www.wikidata.org/entity/Q12661,Nord,1.0,True
Est de la Tunisie,,,0.0,False
Italie,http://www.wikidata.org/entity/Q38,Italie,1.0,True
mer Tyrrhénienne centrale,,,0.0,False
mer Ligure,http://www.wikidata.org/entity/Q42820,mer ligure,1.0,True
Contamination,http://www.wikidata.org/entity/Q54807004,Contamination,1.0,True
Asie,http://www.wikidata.org/entity/Q48,Asie,1.0,True
Europe,http://www.wikidata.org/entity/Q46,Europe,1.0,True
Cd,http://www.wikidata.org/entity/Q974,République démocratique du Congo,0.85,True
Ag,http://www.wikidata.org/entity/Q1090,argent,0.85,True
Fe,http://www.wikidata.org/entity/Q677,fer,0.85,True
Cr,http://www.wikidata.org/entity/Q800,Costa Rica,0.85,True
Mn,http://www.wikidata.org/entity/Q711,Mongolie,0.85,True
Pb,http://www.wikidata.org/entity/Q708,plomb,0.85,True
Zn,http://www.wikidata.org/entity/Q758,zinc,0.85,True
Co,http://www.wikidata.org/entity/Q739,Colombie,0.85,True
Cu,http://www.wikidata.org/entity/Q241,Cuba,0.85,True
Ni,http://www.wikidata.org/entity/Q811,Nicaragua,0.85,True
Pseudo-nitzschia,http://www.wikidata.org/entity/Q891709,Pseudo-nitzschia,1.0,True
Octopus,http://www.wikidata.org/entity/Q611843,poulpe,0.85,True
Coconut,http://www.wikidata.org/entity/Q525723,Coconut,1.0,True
université de Californie,http://www.wikidata.org/entity/Q184478,Université de Californie,1.0,True
Berkeley,http://www.wikidata.org/entity/Q484678,Berkeley,1.0,True
Abdopus,http://www.wikidata.org/entity/Q4665132,Abdopus,1.0,True
Célèbes,http://www.wikidata.org/entity/Q3812,Célèbes,1.0,True
Indonésie,http://www.wikidata.org/entity/Q252,Indonésie,1.0,True
Aire,http://www.wikidata.org/entity/Q403349,Aire,1.0,True
Philippines,http://www.wikidata.org/entity/Q928,Philippines,1.0,True
Ressources,http://www.wikidata.org/entity/Q44497,exploitation minière,0.85,True
Australian,http://www.wikidata.org/entity/Q167402,Australian Plant Name Index,0.85,True
Catalogue of Life : Amphioctopus marginatus,,,0.0,False
including two new genera of the Octopodinae,,,0.0,False
Journal of the Faculty of Fisheries and Animal,http://www.wikidata.org/entity/Q113477332,"Journal of the Faculty of Fisheries and Animal Husbandry, Hiroshima University",0.85,True
Hiroshima University,http://www.wikidata.org/entity/Q115220,université de Hiroshima,0.85,True
Callistoctopus macropus,http://www.wikidata.org/entity/Q13449622,Callistoctopus macropus,1.0,True
Biotope,http://www.wikidata.org/entity/Q175208,biotope,1.0,True
Octopus macropus,http://www.wikidata.org/entity/Q2235326,Octopus macropus,1.0,True
Érythrée,http://www.wikidata.org/entity/Q986,Érythrée,1.0,True
Kenya,http://www.wikidata.org/entity/Q114,Kenya,1.0,True
Madagascar,http://www.wikidata.org/entity/Q1019,Madagascar,1.0,True
Île Maurice,http://www.wikidata.org/entity/Q1027,Maurice,0.85,True
Mozambique,http://www.wikidata.org/entity/Q1029,Mozambique,1.0,True
La Réunion,http://www.wikidata.org/entity/Q17070,La Réunion,1.0,True
Seychelles,http://www.wikidata.org/entity/Q1042,Seychelles,1.0,True
Somalie,http://www.wikidata.org/entity/Q1045,Somalie,1.0,True
Tanzanie,http://www.wikidata.org/entity/Q924,Tanzanie,1.0,True
Mer Rouge,http://www.wikidata.org/entity/Q23406,mer Rouge,1.0,True
Mer Méditerranée,http://www.wikidata.org/entity/Q4918,mer Méditerranée,1.0,True
Observatoire océanologique de Banyuls-sur-Mer,http://www.wikidata.org/entity/Q2013017,observatoire océanologique de Banyuls-sur-Mer,1.0,True
Catalogue of Life :,,,0.0,False
Risso,http://www.wikidata.org/entity/Q21447051,Risso,1.0,True
Tremoctopidae,http://www.wikidata.org/entity/Q1417783,Tremoctopus,0.85,True
Tremoctopus,http://www.wikidata.org/entity/Q1417783,Tremoctopus,1.0,True
T. violaceus,,,0.0,False
Nouvelle-Zélande,http://www.wikidata.org/entity/Q664,Nouvelle-Zélande,1.0,True
Tremoctopus gracilis,http://www.wikidata.org/entity/Q14503627,Tremoctopus gracilis,1.0,True
Souleyet,http://www.wikidata.org/entity/Q104854779,Souleyet,1.0,True
Indo-Pacifique,http://www.wikidata.org/entity/Q1547309,bassin Indo-Pacifique,0.85,True
Tree of Life Web Project : Tremoctopus,,,0.0,False
Catalogue of Life : Tremoctopus delle Chiaje,,,0.0,False
K.M.,http://www.wikidata.org/entity/Q1732288,Karl Maria Heller,0.85,True
M. & Young,,,0.0,False
R.E.,http://www.wikidata.org/entity/Q134969,R.E.M.,0.85,True
Version 16 October 2008,,,0.0,False
bassin Indopacifique,,,0.0,False
Hapalochlaena fasciata,http://www.wikidata.org/entity/Q2120872,Hapalochlaena fasciata,1.0,True
Gaimard,http://www.wikidata.org/entity/Q553809,Joseph Paul Gaimard,0.85,True
Adam,http://www.wikidata.org/entity/Q347181,Adam,1.0,True
Hapalochlaena,http://www.wikidata.org/entity/Q540649,Hapalochlaena,1.0,True
Wunderpus photogenicus,http://www.wikidata.org/entity/Q140098,Wunderpus photogenicus,1.0,True
Wunderpus,http://www.wikidata.org/entity/Q38489076,Wunderpus,1.0,True
Thaumoctopus mimicus,http://www.wikidata.org/entity/Q132999,pieuvre mimétique,0.85,True
Océanie,http://www.wikidata.org/entity/Q538,Océanie,1.0,True
Publication,http://www.wikidata.org/entity/Q732577,publication,1.0,True
Hochberg,http://www.wikidata.org/entity/Q1296562,Hochberg,1.0,True
gen,http://www.wikidata.org/entity/Q146233,génitif,0.85,True
new octopus from the shallow waters of the Indo-Malayan,,,0.0,False
Cephalopoda,http://www.wikidata.org/entity/Q128257,Cephalopoda,1.0,True
ISSN 1323-5818,,,0.0,False
Référence,http://www.wikidata.org/entity/Q121769,référence,1.0,True
Norman & Finn,,,0.0,False
Catalogue of Life,http://www.wikidata.org/entity/Q38840,Catalogue of Life,1.0,True
Australie,http://www.wikidata.org/entity/Q408,Australie,1.0,True
Hôte,http://www.wikidata.org/entity/Q27686,hôtel,0.85,True
Indien,http://www.wikidata.org/entity/Q10450,Indien,1.0,True
Grande Barrière de corail,http://www.wikidata.org/entity/Q7343,grande barrière de corail,1.0,True
Nouvelle-Calédonie,http://www.wikidata.org/entity/Q33788,Nouvelle-Calédonie,1.0,True
Espèces,http://www.wikidata.org/entity/Q183368,espèce envahissante,0.85,True
Nouvelle-Galles du Sud,http://www.wikidata.org/entity/Q3224,Nouvelle-Galles du Sud,1.0,True
baie du,http://www.wikidata.org/entity/Q2879416,Baie-du-Febvre,0.85,True
Bengale,http://www.wikidata.org/entity/Q80338,Bengale,1.0,True
Octopussy,http://www.wikidata.org/entity/Q204398,Octopussy,1.0,True
NCIS,http://www.wikidata.org/entity/Q4525,NCIS : Enquêtes spéciales,0.85,True
Enquêtes spéciales,http://www.wikidata.org/entity/Q3054568,Enquêtes spéciales,1.0,True
État d'urgence,http://www.wikidata.org/entity/Q3591820,État d'urgence,1.0,True
One Piece,http://www.wikidata.org/entity/Q710324,One Piece,1.0,True
Hyomon-dako,,,0.0,False
Catalogue of Life : Hapalochlaena maculosa,,,0.0,False
Hapalochlaena maculosa,http://www.wikidata.org/entity/Q1850495,Pieuvre aux anneaux bleus,0.85,True
PDF,http://www.wikidata.org/entity/Q42332,Portable Document Format,0.85,True
Subaqua,http://www.wikidata.org/entity/Q3246517,sous le niveau de la mer,0.85,True
Pieuvre,http://www.wikidata.org/entity/Q13219075,pieuvre,1.0,True
ordre Octopoda,,,0.0,False
Étymologie,http://www.wikidata.org/entity/Q35245,étymologie,1.0,True
Languedoc,http://www.wikidata.org/entity/Q206221,Languedoc,1.0,True
Guernesey,http://www.wikidata.org/entity/Q3311985,Guernesey,1.0,True
Les Travailleurs de la mer,http://www.wikidata.org/entity/Q3235800,Les Travailleurs de la mer,1.0,True
Camargue,http://www.wikidata.org/entity/Q218151,Camargue,1.0,True
Cirrates,,,0.0,False
Pieuvre à anneaux bleus —,,,0.0,False
Pieuvre boréale,,,0.0,False
Bathypolypus,http://www.wikidata.org/entity/Q2891314,Bathypolypus,1.0,True
Pieuvre chatrou de nuit,,,0.0,False
Pieuvre commune,http://www.wikidata.org/entity/Q651361,pieuvre commune,1.0,True
Pieuvre diurne —,,,0.0,False
Octopus cyanea Pieuvre géante du Pacifique,,,0.0,False
Enteroctopus,http://www.wikidata.org/entity/Q2002060,Enteroctopus,1.0,True
Callistoctopus macropus Pieuvre ocellée,,,0.0,False
Octopus ocellatus,http://www.wikidata.org/entity/Q1062264,Octopus ocellatus,1.0,True
Callistoctopus macropus Pieuvre musquée,,,0.0,False
Pieuvre photogénique,http://www.wikidata.org/entity/Q140098,Wunderpus photogenicus,0.85,True
Octopus cyanea Pieuvre de récif caraïbe,,,0.0,False
Gros poulpe,,,0.0,False
Octopodes,http://www.wikidata.org/entity/Q40152,Octopoda,0.85,True
Biologie,http://www.wikidata.org/entity/Q420,biologie,1.0,True
Pieuvre géante du,http://www.wikidata.org/entity/Q912404,Pieuvre géante du Pacifique,0.85,True
Alimentation,http://www.wikidata.org/entity/Q2095,nourriture,0.85,True
Reproduction,http://www.wikidata.org/entity/Q11990,reproduction,1.0,True
Locomotion,http://www.wikidata.org/entity/Q2633862,locomotion,1.0,True
Pieuvre aux anneaux bleus,http://www.wikidata.org/entity/Q1850495,Pieuvre aux anneaux bleus,1.0,True
Rascasse,http://www.wikidata.org/entity/Q824672,Pterois volitans,0.85,True
Sentience,http://www.wikidata.org/entity/Q2488994,sentience,1.0,True
Relation,http://www.wikidata.org/entity/Q930933,relation,1.0,True
Galice,http://www.wikidata.org/entity/Q3908,Galice,1.0,True
O Carballiño,http://www.wikidata.org/entity/Q1607558,O Carballiño,1.0,True
Mauritanie,http://www.wikidata.org/entity/Q1025,Mauritanie,1.0,True
Maroc,http://www.wikidata.org/entity/Q1028,Maroc,1.0,True
Grupo Profand,,,0.0,False
France,http://www.wikidata.org/entity/Q142,France,1.0,True
États américains,,,0.0,False
Netflix,http://www.wikidata.org/entity/Q907311,Netflix,1.0,True
Gastronomie,http://www.wikidata.org/entity/Q171141,gastronomie,1.0,True
chatrou,http://www.wikidata.org/entity/Q5971827,Laurentius Willem Chatrou,0.85,True
Amérique du Nord,http://www.wikidata.org/entity/Q49,Amérique du Nord,1.0,True
Bionique,http://www.wikidata.org/entity/Q189131,bionique,1.0,True
Épouvantail,http://www.wikidata.org/entity/Q912820,épouvantail,1.0,True
XVIIIe,http://www.wikidata.org/entity/Q7015,XVIIIe siècle,0.85,True
Vingt Mille Lieues,http://www.wikidata.org/entity/Q183565,Vingt Mille Lieues sous les mers,0.85,True
Nautilus,http://www.wikidata.org/entity/Q1324463,Nautilus,1.0,True
Familiarisation,http://www.wikidata.org/entity/Q7091744,intégration en entreprise,0.85,True
Oberhausen,http://www.wikidata.org/entity/Q526163,Oberhausen,1.0,True
Allemagne,http://www.wikidata.org/entity/Q183,Allemagne,1.0,True
Coupe du Monde 2010,http://www.wikidata.org/entity/Q965212,Coupe du monde 2010,1.0,True
Pays-Bas - Espagne,http://www.wikidata.org/entity/Q208401,finale de la Coupe du monde de football 2010,0.85,True
Statut,http://www.wikidata.org/entity/Q820655,loi,0.85,True
London School of Economics,http://www.wikidata.org/entity/Q174570,London School of Economics,1.0,True
Grèce,http://www.wikidata.org/entity/Q41,Grèce,1.0,True
Antiquité,http://www.wikidata.org/entity/Q41493,Antiquité,1.0,True
Japon,http://www.wikidata.org/entity/Q17,Japon,1.0,True
Hokusai,http://www.wikidata.org/entity/Q5586,Hokusai,1.0,True
André,http://www.wikidata.org/entity/Q6298851,André,1.0,True
L’Octopus et moi,,,0.0,False
Animal,http://www.wikidata.org/entity/Q729,animal,1.0,True
Plimsoll Productions,http://www.wikidata.org/entity/Q116474238,Plimsoll Productions,1.0,True
XIXe,http://www.wikidata.org/entity/Q6955,XIXᵉ siècle,0.85,True
Jeux,http://www.wikidata.org/entity/Q11410,jeu,0.85,True
Poulpoboss,,,0.0,False
Super Mario Galaxy,http://www.wikidata.org/entity/Q170489,Super Mario Galaxy,1.0,True
Animal Crossing,http://www.wikidata.org/entity/Q1139803,Animal Crossing,1.0,True
Pokémons Octillery,,,0.0,False
Poulpaf,http://www.wikidata.org/entity/Q79336273,Poulpaf,1.0,True
Krakos,http://www.wikidata.org/entity/Q79336486,Krakos,1.0,True
Octorok,http://www.wikidata.org/entity/Q8328506,Octorok,1.0,True
The Legend of Zelda,http://www.wikidata.org/entity/Q12393,The Legend of Zelda,1.0,True
Mega Man,http://www.wikidata.org/entity/Q7565689,Mega Man,1.0,True
Octodad,http://www.wikidata.org/entity/Q3348979,Octodad,1.0,True
Splatoon,http://www.wikidata.org/entity/Q88477559,Splatoon,1.0,True
Octalings,,,0.0,False
Inklings,http://www.wikidata.org/entity/Q81984,Inklings,1.0,True
DLC,http://www.wikidata.org/entity/Q1066707,contenu téléchargeable additionnel,0.85,True
Splatoon 2,http://www.wikidata.org/entity/Q28129061,Splatoon 2,1.0,True
Save Me Mr Tako,http://www.wikidata.org/entity/Q60997649,Save Me Mr Tako,1.0,True
Annexes,http://www.wikidata.org/entity/Q566749,annexe,0.85,True
"Poulpes, seiches",,,0.0,False
Le Prince des profondeurs,,,0.0,False
Flammarion,http://www.wikidata.org/entity/Q3117417,Flammarion,1.0,True
Hachette,http://www.wikidata.org/entity/Q349566,Hachette,1.0,True
Seiche,http://www.wikidata.org/entity/Q732400,Seiche,1.0,True
Intelligence des céphalopodes,http://www.wikidata.org/entity/Q1629923,Intelligence des céphalopodes,1.0,True
La Méthode scientifique,http://www.wikidata.org/entity/Q56668894,La méthode scientifique,1.0,True
France Culture,http://www.wikidata.org/entity/Q19908,France Culture,1.0,True
Génie du vivant,,,0.0,False
Les Savanturiers,http://www.wikidata.org/entity/Q21055583,Les Savanturiers,1.0,True
France Inter,http://www.wikidata.org/entity/Q19905,France Inter,1.0,True
Aquaportail,,,0.0,False
Les Céphalopodes,http://www.wikidata.org/entity/Q90572133,Les Céphalopodes déroulés et l’irréversibilité de l’évolution,0.85,True
Cambrien,http://www.wikidata.org/entity/Q79064,Cambrien,1.0,True
groupe des nautiloïdes,,,0.0,False
Mollusques,http://www.wikidata.org/entity/Q25326,mollusques,1.0,True
nautiloïdes,http://www.wikidata.org/entity/Q840536,Nautiloidea,0.85,True
Tête,http://www.wikidata.org/entity/Q23640,tête,1.0,True
phragmocône,http://www.wikidata.org/entity/Q8122500,Phragmocône,1.0,True
Psittaciformes,http://www.wikidata.org/entity/Q31431,Psittaciformes,1.0,True
DOPA,http://www.wikidata.org/entity/Q170304,dopamine,0.85,True
Appendices,http://www.wikidata.org/entity/Q334335,Appendices du Seigneur des anneaux,0.85,True
Les Decabrachia,,,0.0,False
Octobrachia,http://www.wikidata.org/entity/Q340867,Octobrachia,1.0,True
Nautiloidea,http://www.wikidata.org/entity/Q840536,Nautiloidea,1.0,True
Decabrachia,http://www.wikidata.org/entity/Q843338,Decabrachia,1.0,True
Manteau,http://www.wikidata.org/entity/Q105107974,Manteau,1.0,True
Chiroteuthis veranyi,http://www.wikidata.org/entity/Q2963967,Chiroteuthis veranyi,1.0,True
Silurien,http://www.wikidata.org/entity/Q62412,Silurien,1.0,True
Dévonien,http://www.wikidata.org/entity/Q65955,Dévonien,1.0,True
Coquille,http://www.wikidata.org/entity/Q991454,Coquille,1.0,True
coléoïdes la coquille,,,0.0,False
Cas des nautiloïdes,,,0.0,False
Cas des coléoïdes,,,0.0,False
Sepia,http://www.wikidata.org/entity/Q286026,Sepia,1.0,True
Sepiida,http://www.wikidata.org/entity/Q184479,seiche,0.85,True
Nautiles,http://www.wikidata.org/entity/Q104430092,Nautiles paléocènes du Niger,0.85,True
Siphon,http://www.wikidata.org/entity/Q426656,siphon,1.0,True
Écologie,http://www.wikidata.org/entity/Q7150,écologie,1.0,True
coléoïdes,http://www.wikidata.org/entity/Q749814,Coleoidea,0.85,True
la Terre,http://www.wikidata.org/entity/Q2,Terre,0.85,True
baie de Chesapeake,http://www.wikidata.org/entity/Q216868,baie de Chesapeake,1.0,True
État,http://www.wikidata.org/entity/Q7275,État,1.0,True
Current Biology,http://www.wikidata.org/entity/Q1144851,Current Biology,1.0,True
Sepia elegans,http://www.wikidata.org/entity/Q2081212,Sepia elegans,1.0,True
Humain dans la chaîne alimentaire,,,0.0,False
Systématique,http://www.wikidata.org/entity/Q3516404,systématique,1.0,True
Taxinomie,http://www.wikidata.org/entity/Q8269924,taxinomie,1.0,True
Nautiloïdes,http://www.wikidata.org/entity/Q840536,Nautiloidea,0.85,True
Ammonoïdes,,,0.0,False
Crétacé supérieur,http://www.wikidata.org/entity/Q338199,Crétacé supérieur,1.0,True
Coquille ci-dessus,,,0.0,False
Origine,http://www.wikidata.org/entity/Q2574811,cause,0.85,True
Bactritida,http://www.wikidata.org/entity/Q26704395,Bactritida,1.0,True
Culture,http://www.wikidata.org/entity/Q11042,culture,1.0,True
XVIe siècle,http://www.wikidata.org/entity/Q7017,XVIe siècle,1.0,True
Systematics and Biogeography of Cephalopods,http://www.wikidata.org/entity/Q30048451,Systematics and Biogeography of cephalopods. Volume II,0.85,True
II,http://www.wikidata.org/entity/Q853584,Ii,1.0,True
Smithsonian Contributions to Zoology,http://www.wikidata.org/entity/Q21385222,Smithsonian Contributions to Zoology,1.0,True
Documents,http://www.wikidata.org/entity/Q49848,document,0.85,True
Céphalopodes,http://www.wikidata.org/entity/Q128257,Cephalopoda,0.85,True
Magasin de zoologie,http://www.wikidata.org/entity/Q51500581,"Magasin de zoologie, d'anatomie comparée et de palaeontologie",0.85,True
Paris,http://www.wikidata.org/entity/Q90,Paris,1.0,True
Éd,http://www.wikidata.org/entity/Q1282258,Ed,0.85,True
Vidéographie,http://www.wikidata.org/entity/Q17438413,vidéographie,1.0,True
Sur Arte,,,0.0,False
Paleobiology Database,http://www.wikidata.org/entity/Q17073815,Paleobiology Database,1.0,True
Fonds documentaire ARKive,,,0.0,False
Tree of Life Web Project,http://www.wikidata.org/entity/Q2300489,Tree of Life Web Project,1.0,True
Animal Diversity Web,http://www.wikidata.org/entity/Q2850008,Animal Diversity Web,1.0,True
Université de Nantes,http://www.wikidata.org/entity/Q259388,université de Nantes,1.0,True
Portail de la paléontologie,,,0.0,False
Amphibiens,http://www.wikidata.org/entity/Q10908,amphibien,0.85,True
Poissons,http://www.wikidata.org/entity/Q1112592,Poissons,1.0,True
Reptiles,http://www.wikidata.org/entity/Q10811,Reptiles,1.0,True
Crustacés,http://www.wikidata.org/entity/Q25364,crustacé,0.85,True
leucophores,http://www.wikidata.org/entity/Q106212002,leucophore,0.85,True
Mammifères et les Oiseaux,,,0.0,False
Classification,http://www.wikidata.org/entity/Q5962346,système de classification,0.85,True
Invertébrés,http://www.wikidata.org/entity/Q43806,invertébrés,1.0,True
chromoforo,,,0.0,False
Vertébrés,http://www.wikidata.org/entity/Q25241,vertébrés,1.0,True
κυτε,http://www.wikidata.org/entity/Q21671,Cutting,0.85,True
Oiseaux,http://www.wikidata.org/entity/Q25341,passereaux,0.85,True
Mammifères,http://www.wikidata.org/entity/Q7377,mammifères,1.0,True
Biochromes,http://www.wikidata.org/entity/Q80925842,BIOCHROMES,1.0,True
ptéridine,http://www.wikidata.org/entity/Q414021,ptéridine,1.0,True
Iridophores,http://www.wikidata.org/entity/Q105097163,iridophore,0.85,True
Mélanophores,http://www.wikidata.org/entity/Q70063071,melanophore,0.85,True
Phyllomedusinaes,,,0.0,False
ptérorhodine,http://www.wikidata.org/entity/Q109240811,pterorhodin,0.85,True
mélanophore,http://www.wikidata.org/entity/Q14863400,melanocyte differentiation,0.85,True
mélanocyte,http://www.wikidata.org/entity/Q247101,mélanocyte,1.0,True
Cyanophores,,,0.0,False
cyan,http://www.wikidata.org/entity/Q1146905,Cyan Worlds,0.85,True
Callionymidae,http://www.wikidata.org/entity/Q688312,Callionymidae,1.0,True
Dendrobatidae,http://www.wikidata.org/entity/Q53750,Dendrobatidae,1.0,True
Translocation,http://www.wikidata.org/entity/Q916504,translocation,1.0,True
DCU pour Dermal,,,0.0,False
DCUs,http://www.wikidata.org/entity/Q23252794,two-component system sensor histidine kinase DcuS STM4304,0.85,True
mélanocortine,http://www.wikidata.org/entity/Q48849985,Melanocortinergic modulation of cholecystokinin-induced suppression of feeding through extracellular signal-regulated kinase signaling in rat solitary nucleus,0.85,True
MCH,http://www.wikidata.org/entity/Q2619956,Haaglanden Medisch Centrum,0.85,True
La mélanocortine,,,0.0,False
MC1R,http://www.wikidata.org/entity/Q21173746,MC1R,1.0,True
AMPc,http://www.wikidata.org/entity/Q201928,amoxicilline,0.85,True
Adaptation,http://www.wikidata.org/entity/Q1213562,adaptation,1.0,True
sox10,http://www.wikidata.org/entity/Q18031655,SOX10,1.0,True
Applications,http://www.wikidata.org/entity/Q166142,application,0.85,True
Poissons zèbres,,,0.0,False
Cas des Céphalopodes,,,0.0,False
Coleoidea,http://www.wikidata.org/entity/Q749814,Coleoidea,1.0,True
Schwann,http://www.wikidata.org/entity/Q76745,Theodor Schwann,0.85,True
sacculus cytoélastique,,,0.0,False
Rhodospirillum rubrum,http://www.wikidata.org/entity/Q24303,Rhodospirillum rubrum,1.0,True
Chlorobiaceae,http://www.wikidata.org/entity/Q61091046,Chlorobiaceae,1.0,True
Portail de la zoologie Portail de l’anatomie Portail de la biologie cellulaire et moléculaire,,,0.0,False
Coléoïdes,http://www.wikidata.org/entity/Q749814,Coleoidea,0.85,True
Histoire naturelle,http://www.wikidata.org/entity/Q3138032,Histoire naturelle,1.0,True
Pieuvres,http://www.wikidata.org/entity/Q40152,Octopoda,0.85,True
Apprentissage,http://www.wikidata.org/entity/Q133500,apprentissage,1.0,True
Octlantis,http://www.wikidata.org/entity/Q129437194,Octlantis: The Newly Discovered Octopus City,0.85,True
Cambridge,http://www.wikidata.org/entity/Q350,Cambridge,1.0,True
New York,http://www.wikidata.org/entity/Q1384,New York,1.0,True
Melbourne,http://www.wikidata.org/entity/Q3141,Melbourne,1.0,True
Cambridge University Press,http://www.wikidata.org/entity/Q912887,Cambridge University Press,1.0,True
ISBN 0-521-42083-0,,,0.0,False
The Brains and Livees of Cephalopods,,,0.0,False
Oxford University Press,http://www.wikidata.org/entity/Q217595,Oxford University Press,1.0,True
Le prince des profondeurs,,,0.0,False
Portail des droits des animaux,,,0.0,False
Lamellibranches,http://www.wikidata.org/entity/Q25368,Bivalvia,0.85,True
Hectocotyle Patte,,,0.0,False
Portail des mollusques,,,0.0,False
Portugais,http://www.wikidata.org/entity/Q5146,portugais,1.0,True
Espagnols,http://www.wikidata.org/entity/Q160894,Espagnols,1.0,True
Italiens,http://www.wikidata.org/entity/Q50001,Italiens,1.0,True
Grecs,http://www.wikidata.org/entity/Q539051,Grecs,1.0,True
Turcs,http://www.wikidata.org/entity/Q84072,Turcs,1.0,True
Indiens,http://www.wikidata.org/entity/Q862086,Indiens,1.0,True
Japonais,http://www.wikidata.org/entity/Q5287,japonais,1.0,True
Coréens,http://www.wikidata.org/entity/Q484464,Coréens,1.0,True
Portugal,http://www.wikidata.org/entity/Q45,Portugal,1.0,True
lulas,http://www.wikidata.org/entity/Q81900,Teuthida,0.85,True
Algarve,http://www.wikidata.org/entity/Q26831,Algarve,1.0,True
Sardaigne,http://www.wikidata.org/entity/Q1462,Sardaigne,1.0,True
Chypre,http://www.wikidata.org/entity/Q229,Chypre,1.0,True
Espagne,http://www.wikidata.org/entity/Q29,Espagne,1.0,True
Turquie,http://www.wikidata.org/entity/Q43,Turquie,1.0,True
calamares,http://www.wikidata.org/entity/Q28709823,Calamares,1.0,True
Croatie,http://www.wikidata.org/entity/Q224,Croatie,1.0,True
Monténégro,http://www.wikidata.org/entity/Q236,Monténégro,1.0,True
Bulgarie,http://www.wikidata.org/entity/Q219,Bulgarie,1.0,True
Roumanie,http://www.wikidata.org/entity/Q218,Roumanie,1.0,True
Russie,http://www.wikidata.org/entity/Q159,Russie,1.0,True
Inde,http://www.wikidata.org/entity/Q668,Inde,1.0,True
Sri Lanka,http://www.wikidata.org/entity/Q854,Sri Lanka,1.0,True
Tamil Nadu,http://www.wikidata.org/entity/Q1445,Tamil Nadu,1.0,True
Kerala,http://www.wikidata.org/entity/Q1186,Kerala,1.0,True
Chine,http://www.wikidata.org/entity/Q148,République populaire de Chine,0.85,True
Thaïlande,http://www.wikidata.org/entity/Q869,Thaïlande,1.0,True
Taïwan,http://www.wikidata.org/entity/Q865,Taïwan,1.0,True
Asie du Sud-Est,http://www.wikidata.org/entity/Q11708,Asie du Sud-Est,1.0,True
Hong Kong,http://www.wikidata.org/entity/Q8646,Hong Kong,1.0,True
Taiwan,http://www.wikidata.org/entity/Q865,Taïwan,0.85,True
Corée,http://www.wikidata.org/entity/Q28179,période Joseon,0.85,True
san ojingo,,,0.0,False
jeotgal,http://www.wikidata.org/entity/Q3209086,Jeotgalicoccus,0.85,True
banchan,http://www.wikidata.org/entity/Q716245,Banchan,1.0,True
Apports,http://www.wikidata.org/entity/Q1412867,Apports nutritionnels conseillés,0.85,True
B12,http://www.wikidata.org/entity/Q795254,B12,1.0,True
Asie de l'Est,http://www.wikidata.org/entity/Q27231,Asie de l'Est,1.0,True
risotto al nero di seppia,http://www.wikidata.org/entity/Q16596895,Risotto al nero di seppia,1.0,True
Venise,http://www.wikidata.org/entity/Q906255,Venise,1.0,True
Adriatique,http://www.wikidata.org/entity/Q2825088,Adriatique,1.0,True
Nero,http://www.wikidata.org/entity/Q1413,Néron,0.85,True
Setúbal,http://www.wikidata.org/entity/Q173699,Setúbal,1.0,True
Sète,http://www.wikidata.org/entity/Q191141,Sète,1.0,True
îles Anglo-Normandes,http://www.wikidata.org/entity/Q42314,îles Anglo-Normandes,1.0,True
Antilles,http://www.wikidata.org/entity/Q166131,Antilles,1.0,True
Préparations,http://www.wikidata.org/entity/Q7240618,Preparations,0.85,True
liège,http://www.wikidata.org/entity/Q3992,Liège,1.0,True
Hawaii,http://www.wikidata.org/entity/Q782,Hawaï,0.85,True
Hawaï,http://www.wikidata.org/entity/Q782,Hawaï,1.0,True
galicienne,,,0.0,False
Djerba,http://www.wikidata.org/entity/Q188938,Djerba,1.0,True
USDA Nutrient Database,,,0.0,False
B3,http://www.wikidata.org/entity/Q796297,Bourse de São Paulo,0.85,True
Alimentation et gastronomie,,,0.0,False
AphiaID,,,0.0,False
marinespecies.org,,,0.0,False
Classification Biota Animalia,,,0.0,False
Kingdom,http://www.wikidata.org/entity/Q62692987,Kingdom,1.0,True
Phylum,http://www.wikidata.org/entity/Q38348,phylum,1.0,True
Class,http://www.wikidata.org/entity/Q18204,classe,0.85,True
Subclass,http://www.wikidata.org/entity/Q5867051,sous-classe,0.85,True
Octopodiformes,http://www.wikidata.org/entity/Q340867,Octobrachia,0.85,True
Superorder,http://www.wikidata.org/entity/Q5868144,super-ordre,0.85,True
Octopoda,http://www.wikidata.org/entity/Q40152,Octopoda,1.0,True
Order,http://www.wikidata.org/entity/Q36602,ordre,0.85,True
Octopodoidea,http://www.wikidata.org/entity/Q20817899,Octopodoidea,1.0,True
Superfamily,http://www.wikidata.org/entity/Q2136103,super-famille,0.85,True
Family,http://www.wikidata.org/entity/Q8436,famille,0.85,True
Genus,http://www.wikidata.org/entity/Q34740,genre,0.85,True
Species,http://www.wikidata.org/entity/Q7432,espèce,0.85,True
Status,http://www.wikidata.org/entity/Q1641446,état construit,0.85,True
Original name Octopus vulgaris Cuvier,,,0.0,False
Synonymised names Octopus albus Rafinesque,,,0.0,False
Blainville,http://www.wikidata.org/entity/Q667315,Blainville-sur-Mer,0.85,True
Octopus cassiopeia Gray,,,0.0,False
spelling of...),,,0.0,False
spelling of specific,,,0.0,False
Octopus heteropus Rafinesque,,,0.0,False
Octopus niger Rafinesque,,,0.0,False
Octopus rugosus,http://www.wikidata.org/entity/Q107022339,Octopus rugosus,1.0,True
Octopus tetradynamus Rafinesque,,,0.0,False
Bosc,http://www.wikidata.org/entity/Q42749153,Bosc,1.0,True
Environment marine,,,0.0,False
fresh,http://www.wikidata.org/entity/Q37443205,Fresh,1.0,True
Original description Cuvier,,,0.0,False
Elementary table of the natural,,,0.0,False
Baudoin,http://www.wikidata.org/entity/Q37517953,Baudoin,1.0,True
Paris.</em> i-xvi,,,0.0,False
Pl,http://www.wikidata.org/entity/Q146786,pluriel,0.85,True
Descriptive notes,http://www.wikidata.org/entity/Q51388009,Descriptive notes on Papuan plants,0.85,True
Nomenclature ICZN,,,0.0,False
Distribution circum,http://www.wikidata.org/entity/Q63843623,Distribution Circumferential Versus Non Circumferential of Mepivacaine in the Median and Ulnar Nerves,0.85,True
Distribution Western,,,0.0,False
Occurs primarily south of Cape Hatteras,,,0.0,False
MolluscaBase eds.,,,0.0,False
MolluscaBase,http://www.wikidata.org/entity/Q111787318,MolluscaBase,1.0,True
Accessed through: World Register of Marine Species at: https://www.marinespecies.org/aphia.php?p=taxdetails&id=140605,,,0.0,False
Date action,,,0.0,False
License,http://www.wikidata.org/entity/Q79719,licence,0.85,True
Documented,http://www.wikidata.org/entity/Q5287678,Documented,1.0,True
Attributes,http://www.wikidata.org/entity/Q4818719,attributs de Dieu dans le christianisme,0.85,True
Vernaculars,http://www.wikidata.org/entity/Q136482561,Vernaculars in an Age of World Literatures,0.85,True
Links,http://www.wikidata.org/entity/Q471008,Links,1.0,True
Images,http://www.wikidata.org/entity/Q1659622,Images,1.0,True
Nomenclature,http://www.wikidata.org/entity/Q863247,nomenclature,1.0,True
Nice,http://www.wikidata.org/entity/Q33959,Nice,1.0,True
Alpes Maritimes,http://www.wikidata.org/entity/Q3139,Alpes-Maritimes,0.85,True
F.G. Levrault,,,0.0,False
Myriapodes,http://www.wikidata.org/entity/Q25823,Myriapoda,0.85,True
Radiaires,http://www.wikidata.org/entity/Q3416453,Radiaire,0.85,True
Malacoz,http://www.wikidata.org/entity/Q190993,malacologie,0.85,True
